title,category,slug,soc_code,median_pay_annual,median_pay_hourly,entry_education,work_experience,training,num_jobs_2024,projected_employment_2034,outlook_pct,outlook_desc,employment_change,url
Assemblers and fabricators,production,assemblers-and-fabricators,,43570,20.95,High school diploma or equivalent,None,Moderate-term on-the-job training,1885400,1874200,-1,Decline,-11200,https://www.bls.gov/ooh/production/assemblers-and-fabricators.htm
Carpenters,construction-and-extraction,carpenters,47-2031,59310,28.51,High school diploma or equivalent,None,Apprenticeship,959000,1002100,4,As fast as average,43100,https://www.bls.gov/ooh/construction-and-extraction/carpenters.htm
Craft and fine artists,arts-and-design,craft-and-fine-artists,,56260,27.05,See How to Become One,None,Long-term on-the-job training,52000,52100,0,Little or no change,0,https://www.bls.gov/ooh/arts-and-design/craft-and-fine-artists.htm
Dental and ophthalmic laboratory technicians and medical appliance technicians,production,dental-and-ophthalmic-laboratory-technicians-and-medical-appliance-technicians,51-9080,45820,22.03,High school diploma or equivalent,None,Moderate-term on-the-job training,66800,66000,-1,Decline,-700,https://www.bls.gov/ooh/production/dental-and-ophthalmic-laboratory-technicians-and-medical-appliance-technicians.htm
Drafters,architecture-and-engineering,drafters,17-3010,65380,31.44,Associate's degree,None,None,192100,191500,0,Little or no change,-600,https://www.bls.gov/ooh/architecture-and-engineering/drafters.htm
Fashion designers,arts-and-design,fashion-designers,27-1022,80690,38.79,Bachelor's degree,None,None,25700,26200,2,Slower than average,500,https://www.bls.gov/ooh/arts-and-design/fashion-designers.htm
Hand laborers and material movers,transportation-and-material-moving,hand-laborers-and-material-movers,,37680,18.12,No formal educational credential,None,Short-term on-the-job training,6950000,7208400,4,As fast as average,258400,https://www.bls.gov/ooh/transportation-and-material-moving/hand-laborers-and-material-movers.htm
Industrial designers,arts-and-design,industrial-designers,27-1021,79450,38.20,Bachelor's degree,None,None,30600,31600,3,As fast as average,1000,https://www.bls.gov/ooh/arts-and-design/industrial-designers.htm
Industrial engineering technologists and technicians,architecture-and-engineering,industrial-engineering-technicians,17-3026,64790,31.15,Associate's degree,None,None,74600,75900,2,Slower than average,1300,https://www.bls.gov/ooh/architecture-and-engineering/industrial-engineering-technicians.htm
Industrial engineers,architecture-and-engineering,industrial-engineers,17-2112,101140,48.63,Bachelor's degree,None,None,351100,389600,11,Much faster than average,38500,https://www.bls.gov/ooh/architecture-and-engineering/industrial-engineers.htm
Industrial production managers,management,industrial-production-managers,11-3051,121440,58.39,Bachelor's degree,5 years or more,None,241900,246500,2,Slower than average,4600,https://www.bls.gov/ooh/management/industrial-production-managers.htm
Jewelers and precious stone and metal workers,production,jewelers-and-precious-stone-and-metal-workers,51-9071,49140,23.63,High school diploma or equivalent,None,Long-term on-the-job training,35100,33200,-5,Decline,-1900,https://www.bls.gov/ooh/production/jewelers-and-precious-stone-and-metal-workers.htm
Logisticians,business-and-financial,logisticians,13-1081,80880,38.89,Bachelor's degree,None,None,241000,281300,17,Much faster than average,40300,https://www.bls.gov/ooh/business-and-financial/logisticians.htm
Machinists and tool and die makers,production,machinists-and-tool-and-die-makers,,57700,27.74,See How to Become One,None,Long-term on-the-job training,354800,348800,-2,Decline,-5900,https://www.bls.gov/ooh/production/machinists-and-tool-and-die-makers.htm
Mechanical engineering technologists and technicians,architecture-and-engineering,mechanical-engineering-technicians,17-3027,68730,33.04,Associate's degree,None,None,38300,38300,0,Little or no change,0,https://www.bls.gov/ooh/architecture-and-engineering/mechanical-engineering-technicians.htm
Mechanical engineers,architecture-and-engineering,mechanical-engineers,17-2141,102320,49.19,Bachelor's degree,None,None,293100,319600,9,Much faster than average,26500,https://www.bls.gov/ooh/architecture-and-engineering/mechanical-engineers.htm
Metal and plastic machine workers,production,metal-and-plastic-machine-workers,,46800,22.50,See How to Become One,None,Moderate-term on-the-job training,1000700,926200,-7,Decline,-74500,https://www.bls.gov/ooh/production/metal-and-plastic-machine-workers.htm
Painting and coating workers,production,painting-and-coating-workers,51-9120,47390,22.79,See How to Become One,None,Moderate-term on-the-job training,174300,175600,1,Slower than average,1300,https://www.bls.gov/ooh/production/painting-and-coating-workers.htm
"Purchasing managers, buyers, and purchasing agents",business-and-financial,purchasing-managers-buyers-and-purchasing-agents,,79830,38.38,Bachelor's degree,See How to Become One,See How to Become One,605600,638400,5,Faster than average,32700,https://www.bls.gov/ooh/business-and-financial/purchasing-managers-buyers-and-purchasing-agents.htm
Quality control inspectors,production,quality-control-inspectors,51-9061,47460,22.82,High school diploma or equivalent,None,Moderate-term on-the-job training,598000,598100,0,Little or no change,100,https://www.bls.gov/ooh/production/quality-control-inspectors.htm
Semiconductor processing technicians,production,semiconductor-processing-technicians,51-9141,51180,24.60,High school diploma or equivalent,None,Moderate-term on-the-job training,31900,35400,11,Much faster than average,3500,https://www.bls.gov/ooh/production/semiconductor-processing-technicians.htm
Sheet metal workers,construction-and-extraction,sheet-metal-workers,47-2211,60850,29.26,High school diploma or equivalent,None,Apprenticeship,127000,130100,2,Slower than average,3100,https://www.bls.gov/ooh/construction-and-extraction/sheet-metal-workers.htm
"Welders, cutters, solderers, and brazers",production,welders-cutters-solderers-and-brazers,51-4121,51000,24.52,High school diploma or equivalent,None,Moderate-term on-the-job training,457300,467200,2,Slower than average,9900,https://www.bls.gov/ooh/production/welders-cutters-solderers-and-brazers.htm
Woodworkers,production,woodworkers,,43720,21.02,High school diploma or equivalent,None,See How to Become One,214600,211100,-2,Decline,-3400,https://www.bls.gov/ooh/production/woodworkers.htm
